cota_alpha,cota_gamma,waf_mean,waf_std,wear_mean,wear_std,n
0.4,0.1,42.028661,0.33925045896063316,3.449396,0.056426603592631616,5
0.4,0.2,42.036022,0.33982727010571223,2.7705484,0.07307553704421194,5
0.55,0.1,42.004926999999995,0.34019014610582016,9.847839599999999,0.1922707279210751,5
0.55,0.2,42.004842000000004,0.34142712583727036,8.856712400000001,0.44206941937302063,5
