cota_alpha,cota_beta,cota_delta,cota_gamma,cold_victim_bias,victim_prefetch_k,waf_med,wear_med,gc_med,seeds
0.43,0.2,0.03,0.15,0.0,0,8.510831,1.180295,10334.5,2
0.43,0.2,0.03,0.2,0.0,0,8.524319,1.1388639999999999,10353.0,2
0.38,0.2,0.03,0.15,0.0,0,8.534694,0.869337,10362.0,2
0.43,0.2,0.05,0.2,0.0,0,8.539343500000001,0.779126,10370.0,2
0.38,0.2,0.03,0.2,0.0,0,8.547319,0.7555365,10383.5,2
0.38,0.2,0.05,0.2,0.0,0,8.5562935,0.696553,10392.5,2
